{      
    "USA vs. Canada": "https://static.wikia.nocookie.net/the-roblox-conquerors-3/images/7/70/Skymap.png",
    "Spain": "https://static.wikia.nocookie.net/the-roblox-conquerors-3/images/7/70/Skymap.png",
    "Skymap": "https://static.wikia.nocookie.net/the-roblox-conquerors-3/images/7/70/Skymap.png",
    "Frosty Gear": "https://static.wikia.nocookie.net/the-roblox-conquerors-3/images/e/e0/MiniFFAIceMap.png",
    "Magma Pools": "https://static.wikia.nocookie.net/the-roblox-conquerors-3/images/b/b6/MiniFFAMagmaMap.png",
    "Sandstone Cog":"https://static.wikia.nocookie.net/the-roblox-conquerors-3/images/0/0e/MiniFFADesertMap.png",
    "Tropical Oasis":"https://static.wikia.nocookie.net/the-roblox-conquerors-3/images/b/b8/TropicalOasisRadar.png",
    "Monument Park": "https://static.wikia.nocookie.net/the-roblox-conquerors-3/images/f/f1/MonumentParkRadar.png",
    "Sand City": "https://static.wikia.nocookie.net/the-roblox-conquerors-3/images/4/4f/SandCityRadar.png",
    "Underground Cog": "https://static.wikia.nocookie.net/the-roblox-conquerors-3/images/0/0c/MiniFFACaveMap.png",
    "Void [needtitle]": "https://static.wikia.nocookie.net/the-roblox-conquerors-3/images/a/a6/VoidNeedtitleRadar.png",
    "Dalarna Island": "https://static.wikia.nocookie.net/the-roblox-conquerors-3/images/9/9c/DalarnaIslandRadar.png",
    "Endceladus": "https://static.wikia.nocookie.net/the-roblox-conquerors-3/images/0/02/EnceladusRadar.png",
    "Tri Weather Reworked": "https://static.wikia.nocookie.net/the-roblox-conquerors-3/images/6/6f/TriWeatherReworkedRadar.png",
    "Void City": "https://static.wikia.nocookie.net/the-roblox-conquerors-3/images/e/e4/VoidCityRadar.png",
    "Desert vs. Grass 6": "https://static.wikia.nocookie.net/the-roblox-conquerors-3/images/5/50/DvG6Radar.png",
    "Arctic Canal Map": "https://static.wikia.nocookie.net/the-roblox-conquerors-3/images/7/73/ArcticCanalRadar.png",
    "British Isles": "https://static.wikia.nocookie.net/the-roblox-conquerors-3/images/0/06/BritishIslesRadar.png",
    "Ice Catalyst": "https://static.wikia.nocookie.net/the-roblox-conquerors-3/images/3/34/IceCatalystRadar.png",
    "Sandy Floors": "https://static.wikia.nocookie.net/the-roblox-conquerors-3/images/b/bd/SandyFloorsRadar.png",
    "Snow Battlefield": "https://static.wikia.nocookie.net/the-roblox-conquerors-3/images/3/36/SnowBattlefieldRadar.png",
    "Mars 4": "https://static.wikia.nocookie.net/the-roblox-conquerors-3/images/0/0c/Radar_AIMap5.png",
    "Mediterranean": "https://static.wikia.nocookie.net/the-roblox-conquerors-3/images/f/f8/MiniMedMap.png",
    "Desert vs. Grass Spiral":"https://static.wikia.nocookie.net/the-roblox-conquerors-3/images/6/6c/DesertVsGrassSpiralRadar.png", 
    "Eygptian Expedition":"https://static.wikia.nocookie.net/the-roblox-conquerors-3/images/9/95/EgyptRadar.png", 
    "Last Red City": "https://static.wikia.nocookie.net/the-roblox-conquerors-3/images/b/be/LastRedCityRadar.png", 
    "Mars": "https://static.wikia.nocookie.net/the-roblox-conquerors-3/images/d/d8/MarsFFARadar.png", 
    "Medieval Grounds": "https://static.wikia.nocookie.net/the-roblox-conquerors-3/images/f/ff/MedievalGroundsRadarBetterVersion.png", 
    "Divided Metropolis": "https://static.wikia.nocookie.net/the-roblox-conquerors-3/images/9/91/RadarMap9.png", 
    "Middle East": "https://static.wikia.nocookie.net/the-roblox-conquerors-3/images/3/38/MiddleEastMap.png", 
    "Ryry's Oil Map": "https://static.wikia.nocookie.net/the-roblox-conquerors-3/images/7/7a/Ryryradar.png", 
    "Snowy Islands": "https://static.wikia.nocookie.net/the-roblox-conquerors-3/images/8/8f/RadarMap24.png", 
    "Three Corner Cave": "https://static.wikia.nocookie.net/the-roblox-conquerors-3/images/c/c1/3cornercaveradar.png",
    "Two Cave Map": "https://static.wikia.nocookie.net/the-roblox-conquerors-3/images/4/4b/RadarMap2.png",
    "Archipelago": "https://static.wikia.nocookie.net/the-roblox-conquerors-3/images/9/96/Archipelagoradar.png", 
    "Arctic Circle": "https://static.wikia.nocookie.net/the-roblox-conquerors-3/images/7/7a/ARCTICCIRCLEMINI.png",
    "Basalt Peninsula": "https://static.wikia.nocookie.net/the-roblox-conquerors-3/images/4/4d/MagmaMap3.png", 
    "Cave Map": "https://static.wikia.nocookie.net/the-roblox-conquerors-3/images/9/9f/CaveRadar.png", 
    "Cavern": "https://static.wikia.nocookie.net/the-roblox-conquerors-3/images/b/b9/Cavernradar.png", 
    "City 3": "https://static.wikia.nocookie.net/the-roblox-conquerors-3/images/4/4c/City_3_Radar.png", 
    "City vs. Nature": "https://static.wikia.nocookie.net/the-roblox-conquerors-3/images/9/96/RadarMap6.png", 
    "Continent": "https://static.wikia.nocookie.net/the-roblox-conquerors-3/images/0/09/RadarMap16.png", 
    "Corners": "https://static.wikia.nocookie.net/the-roblox-conquerors-3/images/9/91/Carners_Radar.png", 
    "Desert vs. Grass": "https://static.wikia.nocookie.net/the-roblox-conquerors-3/images/4/4f/DesertGrassMap.png", 
    "Desert vs. Grass 2": "https://static.wikia.nocookie.net/the-roblox-conquerors-3/images/4/48/DesertGrassMap2-0.png", 
    "Desert vs. Grass 3": "https://static.wikia.nocookie.net/the-roblox-conquerors-3/images/c/c3/MiniDesVSGrass3.png", 
    "Desert vs. Grass 4": "https://static.wikia.nocookie.net/the-roblox-conquerors-3/images/1/18/Dvg4radar.png", 
    "Double Mansion": "https://static.wikia.nocookie.net/the-roblox-conquerors-3/images/e/ef/DoubleMansionRadar.png", 
    "Europe": "https://static.wikia.nocookie.net/the-roblox-conquerors-3/images/b/b6/EuropeV2Mini-Map.png", 
    "Fantasy": "https://static.wikia.nocookie.net/the-roblox-conquerors-3/images/4/41/Fantay.png", 
    "Fantasy 2": "https://static.wikia.nocookie.net/the-roblox-conquerors-3/images/b/b0/4vs4RadarMap4.png", 
    "France": "https://static.wikia.nocookie.net/the-roblox-conquerors-3/images/c/c3/FranceMini.png", 
    "Frozen River": "https://static.wikia.nocookie.net/the-roblox-conquerors-3/images/6/68/SnowMap.png", 
    "Gem Mine": "https://static.wikia.nocookie.net/the-roblox-conquerors-3/images/5/56/CaveMap3Radar.png", 
    "Germany Map": "https://static.wikia.nocookie.net/the-roblox-conquerors-3/images/c/cc/GermanyMini.png", 
    "Germany vs. France": "https://static.wikia.nocookie.net/the-roblox-conquerors-3/images/c/ca/GermanyVsFranceMini.png", 
    "Golf Course": "https://static.wikia.nocookie.net/the-roblox-conquerors-3/images/9/9d/MiniGolfCourse.png", 
    "Golf Course 2": "https://static.wikia.nocookie.net/the-roblox-conquerors-3/images/8/8b/Golf2.png", 
    "Igneous Islands/Magma": "https://static.wikia.nocookie.net/the-roblox-conquerors-3/images/3/37/LavaMap1.png", 
    "Korea": "https://static.wikia.nocookie.net/the-roblox-conquerors-3/images/c/c0/KoreaRadar.png", 
    "Lake City Map": "https://static.wikia.nocookie.net/the-roblox-conquerors-3/images/6/6d/LakeCityMap.png", 
    "Lakebed": "https://static.wikia.nocookie.net/the-roblox-conquerors-3/images/3/31/LakebedRadar.png", 
    "Lasers": "https://static.wikia.nocookie.net/the-roblox-conquerors-3/images/e/e1/LasersMiniMap.png", 
    "Long Islands": "https://static.wikia.nocookie.net/the-roblox-conquerors-3/images/d/d9/LongIslandsRadar.png", 
    "Mainland": "https://static.wikia.nocookie.net/the-roblox-conquerors-3/images/9/9e/MainlandRadar.png", 
    "Mansion": "https://static.wikia.nocookie.net/the-roblox-conquerors-3/images/f/fa/RadarMap17.png", 
    "Mansion: Flooded": "https://static.wikia.nocookie.net/the-roblox-conquerors-3/images/9/97/Flooded_Mansion.png", 
    "Mars Canyons": "https://static.wikia.nocookie.net/the-roblox-conquerors-3/images/7/79/Mars6.png", 
    "Mars Tunnels": "https://static.wikia.nocookie.net/the-roblox-conquerors-3/images/9/90/MarsTunnelsRadar.png", 
    "Maze": "https://static.wikia.nocookie.net/the-roblox-conquerors-3/images/c/cf/MazeRadar.png", 
    "Mesa": "https://static.wikia.nocookie.net/the-roblox-conquerors-3/images/6/6c/MiniMesa.png", 
    "Mexico": "https://static.wikia.nocookie.net/the-roblox-conquerors-3/images/1/19/MiniMexico.png", 
    "Moon Surface": "https://static.wikia.nocookie.net/the-roblox-conquerors-3/images/6/65/Moon_2.png", 
    "Obsidian Atoll": "https://static.wikia.nocookie.net/the-roblox-conquerors-3/images/c/c2/MINIMagmaMap2.png", 
    "Passage": "https://static.wikia.nocookie.net/the-roblox-conquerors-3/images/a/a1/PassageRadar.png", 
    "Point Blank": "https://static.wikia.nocookie.net/the-roblox-conquerors-3/images/f/f7/Pointblankradar.png", 
    "RETRO: Cliffs": "https://static.wikia.nocookie.net/the-roblox-conquerors-3/images/6/68/CliffsMap.png", 
    "RETRO: Four Seasons": "https://static.wikia.nocookie.net/the-roblox-conquerors-3/images/1/19/Retro4seasonsradar.png", 
    "RETRO: Six Islands": "https://static.wikia.nocookie.net/the-roblox-conquerors-3/images/4/46/Retrosixradar.png", 
    "RETRO: The Moon": "https://static.wikia.nocookie.net/the-roblox-conquerors-3/images/8/80/Retro_The_Moon_Radar.png", 
    "River Banks": "https://static.wikia.nocookie.net/the-roblox-conquerors-3/images/d/d9/Riverbanksradar.png", 
    "Sand Bottom Forest": "https://static.wikia.nocookie.net/the-roblox-conquerors-3/images/7/78/RadarPaths2.png", 
    "Six Small Islands": "https://static.wikia.nocookie.net/the-roblox-conquerors-3/images/c/ca/RadarMap18.png", 
    "Soviet Union": "https://static.wikia.nocookie.net/the-roblox-conquerors-3/images/3/33/SovietUnionRadar.png", 
    "States": "https://static.wikia.nocookie.net/the-roblox-conquerors-3/images/7/76/MINIUSAMAP.png", 
    "Symmetry": "https://static.wikia.nocookie.net/the-roblox-conquerors-3/images/c/c0/Symmetryradar.png", 
    "Twisting Isles": "https://static.wikia.nocookie.net/the-roblox-conquerors-3/images/5/55/Islandsradar.png", 
    "Two Islands Map": "https://static.wikia.nocookie.net/the-roblox-conquerors-3/images/5/5c/2islandradar.png", 
    "USA vs. Russia": "https://static.wikia.nocookie.net/the-roblox-conquerors-3/images/7/71/RussiaAndUSAMap-1.png", 
    "Void Map": "https://static.wikia.nocookie.net/the-roblox-conquerors-3/images/2/23/VoidMapRadar.png", 
    "World": "https://static.wikia.nocookie.net/the-roblox-conquerors-3/images/a/a4/WikiWorldmap.png"
}